"Front","Back","TAGS"
"什么是OpenCV？","OpenCV (Open Source Computer Vision Library) 是一个开源的计算机视觉和机器学习软件库。它包含了超过2500个优化算法，为实时计算机视觉应用提供了丰富的工具。","OpenCV"
"在OpenCV中，数字图像是如何表示的？","数字图像被表示为一个多维数组（或矩阵）。对于灰度图像，它是一个二维矩阵，每个元素代表像素的亮度。对于彩色图像，它通常是一个三维矩阵（高度 x 宽度 x 通道数），其中三个通道通常代表蓝色（B）、绿色（G）和红色（R）的强度。","OpenCV"
"什么是图像滤波 (Image Filtering)？它有什么作用？","图像滤波是通过一个称为“核”（Kernel）的小矩阵与图像进行卷积操作的过程。它可以实现多种效果，如使用高斯核进行图像模糊（降噪），或使用拉普拉斯核进行图像锐化（增强边缘）。","OpenCV"
"什么是边缘检测 (Edge Detection)？Canny边缘检测器有什么特点？","边缘检测是识别图像中亮度发生急剧变化的位置（即物体的边界和轮廓）的技术。Canny边缘检测器是一个多阶段算法，以其高准确率（低错误率）、精确定位（检测到的边缘像素应尽可能接近真实边缘）和单像素响应（每个边缘只被标记一次）而闻名。","OpenCV"
"什么是特征检测 (Feature Detection)？SIFT和ORB是什么？","特征检测是识别图像中显著且独特的关键点（如角点、斑点）的过程。这些特征点在图像发生旋转、缩放或光照变化时仍能保持稳定。SIFT（尺度不变特征变换）和ORB（Oriented FAST and Rotated BRIEF）是两种著名的特征检测和描述算法。","OpenCV"
"OpenCV中的色彩空间转换有什么用？","不同的色彩空间适用于不同的任务。例如，默认的BGR（或RGB）色彩空间适合图像显示，但对光照变化敏感。而HSV（色相、饱和度、明度）色彩空间能更好地分离颜色信息和亮度信息，非常适合用于基于颜色的物体跟踪。将图像转换为灰度图则是许多算法（如Canny边缘检测）的常见预处理步骤。","OpenCV"
"什么是模板匹配 (Template Matching)？","模板匹配是一种在源图像中查找与给定模板图像相匹配（或相似）的小块区域的技术。它通过在源图像上滑动模板并计算每个位置的相似度得分来实现。","OpenCV"
"OpenCV的DNN模块有什么作用？","OpenCV的深度神经网络（DNN）模块允许用户直接在OpenCV中加载和运行使用主流深度学习框架（如TensorFlow, PyTorch, Caffe）训练好的模型。这使得将深度学习能力（如YOLO目标检测、ResNet图像分类）集成到OpenCV应用中变得非常方便。","OpenCV"
"什么是霍夫变换 (Hough Transform)？它在OpenCV中常用于什么任务？","霍夫变换是一种特征提取技术，用于在图像中识别特定的形状，最常见的是直线和圆形。它通过将图像空间中的点映射到参数空间中进行投票来实现。在OpenCV中，它常被用于车道线检测、圆形物体识别等任务。","OpenCV"
"什么是形态学操作 (Morphological Operations)？举例说明。","形态学操作是基于图像形状的一系列简单操作。它们通常在二值图像上进行。两个基本操作是**腐蚀（Erosion）**和**膨胀（Dilation）**。腐蚀可以去除小的噪声点、断开物体连接；膨胀可以填充物体内的孔洞、连接断开的物体。开运算（先腐蚀后膨胀）和闭运算（先膨胀后腐蚀）是它们的组合应用。","OpenCV"